{"cameraMode":{"drawMode":0,"name":"Shaded","section":"Shading Mode"},"sceneLighting":true,"audioPlay":false,"sceneViewState":{"showFog":true,"showMaterialUpdate":false,"showSkybox":true,"showFlares":true,"showImageEffects":true,"showParticleSystems":true},"in2DMode":false,"pivot":{"x":-19.04978370666504,"y":-1.0742055177688599,"z":16.30005645751953},"rotation":{"x":-0.019304735586047174,"y":0.42321550846099856,"z":-0.009019878692924977,"w":-0.9057791829109192},"size":26.919389724731447,"orthographic":false}