{"cameraMode":{"drawMode":2,"name":"Shaded Wireframe","section":"Shading Mode"},"sceneLighting":true,"audioPlay":false,"sceneViewState":{"showFog":false,"showMaterialUpdate":false,"showSkybox":false,"showFlares":false,"showImageEffects":false,"showParticleSystems":false},"in2DMode":false,"pivot":{"x":20.159210205078126,"y":-15.141427040100098,"z":4.219820022583008},"rotation":{"x":-0.22462598979473115,"y":-0.6749204397201538,"z":0.228019118309021,"w":-0.6648638844490051},"size":43.33768844604492,"orthographic":false}